numClient,idEmploye,nom,prenom,dateDeNaissance,eMail,numeroTelephone,adresse,situationFamiliale,profession
0,Dupont,Jonah,Haviva,10/05/19,ut.dolor.dapibus@utlacusNulla.net,02 87 21 74 17,Ap #911-8252 Tellus Av.,Marie,Ouvrier
1,Dupont,Xavier,Orla,28/11/18,eleifend.non@Sedmalesuadaaugue.ca,05 51 74 00 96,6470 Mi. Av.,Marie,Ouvrier
2,Dupont,Ishmael,Winter,25/09/18,ligula.tortor.dictum@utodiovel.com,05 74 95 38 99,932-6281 Posuere St.,Marie,Ouvrier
3,Dupont,Brooke,Chloe,01/10/19,elit.pharetra@primisin.org,08 17 67 69 29,918-2007 Egestas St.,Marie,Ouvrier
4,Dupont,Macon,Iola,29/01/18,turpis.vitae.purus@placerataugue.edu,05 85 60 09 26,429-6668 Dolor St.,Marie,Ouvrier
5,Dupont,Hamish,Noel,24/03/19,Ut@nibhPhasellus.org,09 54 80 96 42,"P.O. Box 801, 2890 Sodales. Avenue",Marie,Ouvrier
6,Dupont,Camilla,Quemby,27/10/18,consequat.lectus@sed.com,05 75 27 87 39,2303 Eu Rd.,Marie,Ouvrier
7,Dupont,Idola,Carla,13/09/18,metus.vitae.velit@quamelementumat.ca,04 92 89 21 68,"P.O. Box 427, 3105 Fringilla Rd.",Marie,Ouvrier
8,Dupont,Dieter,Idona,12/02/18,Aliquam@nisinibh.org,03 11 57 46 63,129-1477 Odio St.,Marie,Ouvrier
9,Dupont,Kevin,Charissa,21/08/18,natoque.penatibus@feugiat.com,09 40 81 82 42,347-1493 Dolor St.,Marie,Ouvrier
10,Dupont,Zephania,Brenda,02/03/18,libero.lacus.varius@nunc.edu,08 27 28 52 21,"Ap #868-8663 In, Ave",Marie,Ouvrier
11,Dupont,Brian,Sopoline,15/01/18,in.lobortis.tellus@nuncestmollis.co.uk,07 62 34 30 14,Ap #909-916 Proin St.,Marie,Ouvrier
12,Dupont,Roth,Patricia,14/03/18,consequat.purus.Maecenas@quamCurabitur.edu,02 97 92 28 43,Ap #582-1479 Vivamus Street,Marie,Ouvrier
13,Dupont,Risa,Velma,08/08/18,Nullam.scelerisque.neque@pedeNunc.co.uk,09 85 05 91 52,474-4531 Purus Av.,Marie,Ouvrier
14,Dupont,Ferris,Bianca,29/01/19,non@Aliquamultricesiaculis.edu,07 78 96 98 39,Ap #645-7067 Cursus Road,Marie,Ouvrier
15,Dupont,Yoko,Kylan,05/12/17,dui@eumetusIn.org,08 57 77 29 85,"Ap #806-3130 Odio, Av.",Marie,Ouvrier
16,Dupont,Deborah,Haley,04/02/18,feugiat.placerat@quamquisdiam.edu,05 78 13 79 53,Ap #611-3767 Donec Street,Marie,Ouvrier
17,Dupont,Ray,Karly,09/10/18,neque@Cum.co.uk,06 52 74 11 13,Ap #379-1718 Sed Av.,Marie,Ouvrier
18,Dupont,Anastasia,Dara,02/05/18,dictum@necleo.com,09 22 89 82 48,"P.O. Box 839, 5953 Scelerisque Ave",Marie,Ouvrier
19,Dupont,Kane,Eleanor,08/07/18,nunc.sed.pede@auctor.com,01 03 39 95 25,344-6458 Eget Rd.,Marie,Ouvrier
20,Dupont,Cleo,Wanda,16/12/18,Sed@scelerisquenequesed.co.uk,06 34 79 75 96,239-9824 Mauris Road,Marie,Ouvrier
21,Dupont,Dylan,Erin,27/06/18,mollis.dui.in@eu.edu,04 97 89 13 34,Ap #619-3406 Et Road,Marie,Ouvrier
22,Dupont,Reagan,Sophia,08/01/18,dui.lectus.rutrum@Uttincidunt.edu,09 96 80 06 15,"P.O. Box 604, 3676 Egestas St.",Marie,Ouvrier
23,Dupont,Dorothy,Zoe,16/02/18,Maecenas@sed.org,06 22 27 36 64,761-9965 Dui Street,Marie,Ouvrier
24,Dupont,Regan,Ingrid,18/11/19,nec.ante@Integer.edu,07 15 11 98 47,"P.O. Box 227, 1118 Dolor Street",Marie,Ouvrier
25,Dupont,Chaney,Chava,07/12/17,adipiscing@sit.net,04 65 02 07 39,"P.O. Box 718, 4599 Justo. Ave",Marie,Ouvrier
26,Dupont,Hilda,Desirae,07/04/19,pharetra.Nam.ac@posuerecubilia.ca,09 47 23 17 01,778-5196 Hendrerit Ave,Marie,Ouvrier
27,Dupont,Flynn,Ingrid,04/03/18,amet.consectetuer.adipiscing@ideratEtiam.org,01 71 70 57 37,631-9621 Metus Rd.,Marie,Ouvrier
28,Dupont,Dominic,Mikayla,08/04/18,orci.luctus.et@dignissimMaecenasornare.org,03 68 28 54 17,Ap #319-7909 Convallis Ave,Marie,Ouvrier
29,Dupont,Quemby,Margaret,21/08/19,ante.Nunc.mauris@rhoncusProin.com,06 20 04 11 70,676-2592 Et Street,Marie,Ouvrier
30,Dupont,Isabella,Macy,25/10/18,rutrum@consequat.co.uk,05 75 55 14 24,4323 Interdum Rd.,Marie,Ouvrier
31,Dupont,Aubrey,Lois,12/02/19,facilisis.magna.tellus@Quisquetinciduntpede.org,08 15 62 91 17,896-8534 Dui Rd.,Marie,Ouvrier
32,Dupont,Shoshana,Ifeoma,27/07/18,erat.semper@rhoncus.net,08 50 25 14 99,8157 Mauris Road,Marie,Ouvrier
33,Dupont,Leila,Mallory,01/08/19,elit@elitpedemalesuada.ca,07 81 38 83 77,271-4951 Fringilla Rd.,Marie,Ouvrier
34,Dupont,Calista,Mikayla,06/08/19,ipsum.leo.elementum@aliquamerosturpis.org,06 56 82 82 01,2188 Quisque Street,Marie,Ouvrier
35,Dupont,Jemima,Alea,03/01/18,quis.diam@ultricesDuisvolutpat.com,02 22 72 06 00,186-4092 Arcu. Road,Marie,Ouvrier
36,Dupont,Gay,Barbara,23/09/19,ante.Vivamus@quis.co.uk,02 40 80 54 05,"P.O. Box 802, 8555 Metus. Ave",Marie,Ouvrier
37,Dupont,Elvis,Maia,02/04/19,nibh.sit@sit.edu,06 40 27 11 82,901-5108 Consectetuer Avenue,Marie,Ouvrier
38,Dupont,Levi,Aline,06/09/18,pede.ultrices@laoreetposuere.ca,05 02 22 69 74,9078 Facilisis St.,Marie,Ouvrier
39,Dupont,Jason,Amelia,06/03/19,convallis.ante.lectus@elitelit.co.uk,03 16 84 51 23,"P.O. Box 383, 3740 Aliquet. St.",Marie,Cadre
40,Dupont,Gillian,Laura,05/03/18,est.Mauris@InloremDonec.org,09 60 29 99 35,Ap #349-6535 Gravida. Ave,Marie,Cadre
41,Dupont,Dalton,Samantha,12/02/18,accumsan.convallis@musProin.com,06 41 80 54 53,"550-3385 Imperdiet, Road",Marie,Cadre
42,Dupont,Henry,Karleigh,26/10/18,in@etnetuset.org,06 65 04 81 35,589-8594 Orci. Rd.,Marie,Cadre
43,Dupont,Constance,Hedda,21/07/19,dapibus@nonloremvitae.edu,07 82 05 64 19,284-7787 Lacus. St.,Marie,Cadre
44,Dupont,Aladdin,Halee,11/04/18,Nam.interdum@elitpellentesque.co.uk,03 92 55 81 79,"P.O. Box 309, 7631 Velit. St.",Marie,Cadre
45,Dupont,Reese,Xaviera,05/06/18,quam.elementum@Nullaeu.ca,01 01 23 52 87,881-6242 Donec Ave,Marie,Cadre
46,Dupont,Kaitlin,Eve,27/03/19,id.magna.et@Aliquamadipiscing.com,04 07 72 12 37,Ap #818-7644 Phasellus St.,Marie,Cadre
47,Dupont,Sydnee,Ivy,07/12/18,arcu.Curabitur.ut@Nunc.ca,02 76 04 45 21,3271 Dapibus Av.,Marie,Cadre
48,Dupont,Hayes,Janna,09/12/17,Cum.sociis.natoque@Curabiturdictum.co.uk,09 17 33 14 20,3046 Fringilla Rd.,Marie,Cadre
49,Dupont,Driscoll,Mallory,07/11/18,neque.Nullam@atauctor.com,06 79 55 12 84,Ap #500-2717 Mauris Rd.,Marie,Cadre
50,Durand,Kai,Sigourney,01/03/18,sem@Duisac.net,06 63 47 73 39,160-4573 Elementum Avenue,Marie,Cadre
51,Durand,Halee,Jayme,17/12/17,semper.egestas.urna@lobortis.ca,08 68 55 64 20,"P.O. Box 115, 3560 Lorem Ave",UnionLibre,Cadre
52,Durand,Neil,Remedios,24/08/18,ac@Uttincidunt.co.uk,09 75 46 36 41,"430-6947 Lorem, Avenue",UnionLibre,Cadre
53,Durand,Talon,Sierra,30/03/19,Aliquam.ornare@sollicitudin.ca,07 21 29 11 02,Ap #122-4794 Ligula. St.,UnionLibre,Cadre
54,Durand,Donna,Bell,05/09/18,mi@enimCurabitur.com,06 77 33 69 53,2984 Iaculis Ave,UnionLibre,Cadre
55,Durand,Nathan,Haviva,04/09/19,euismod@quamPellentesque.co.uk,02 93 65 51 07,"P.O. Box 972, 432 Donec Ave",UnionLibre,Cadre
56,Durand,Mason,Chanda,09/10/19,Phasellus.libero.mauris@semegestasblandit.org,09 50 76 74 89,3379 Convallis Street,UnionLibre,Cadre
57,Durand,Karina,Regina,06/10/19,eget.ipsum@vitae.org,04 44 73 30 03,352-7684 Odio. St.,UnionLibre,Cadre
58,Durand,Jordan,Miriam,18/02/19,interdum.Curabitur@malesuadafringilla.com,02 80 08 66 05,103-6550 Ac Road,UnionLibre,Cadre
59,Durand,Kieran,Kalia,22/02/19,pellentesque.massa.lobortis@ullamcorper.org,01 98 56 92 72,1492 Leo Street,UnionLibre,Cadre
60,Durand,Solomon,Katelyn,21/10/19,arcu.Aliquam.ultrices@duiFuscediam.edu,04 50 18 38 75,5689 Massa. Rd.,UnionLibre,Cadre
61,Durand,Holmes,Jacqueline,03/04/18,dolor@ligulaelitpretium.ca,02 57 42 59 82,8237 Interdum. Road,UnionLibre,Cadre
62,Durand,Dylan,Kelsie,07/04/19,convallis.erat.eget@mollisPhasellus.edu,03 45 98 65 78,Ap #891-176 Lacus. Street,UnionLibre,Cadre
63,Durand,Dawn,Callie,29/11/18,amet.risus.Donec@consectetuermaurisid.net,06 71 34 52 68,Ap #688-5804 Dapibus St.,UnionLibre,Cadre
64,Durand,Omar,Chiquita,12/09/18,commodo@Morbisitamet.edu,05 26 45 05 76,Ap #127-972 Tellus. Av.,UnionLibre,Cadre
65,Durand,Sheila,Kirestin,30/05/18,velit.in.aliquet@eutemporerat.edu,07 66 17 93 23,Ap #142-7190 Sollicitudin Rd.,UnionLibre,Cadre
66,Durand,Shelby,Ingrid,25/06/18,Donec@justo.com,04 06 81 87 87,"7104 Leo, Av.",UnionLibre,Cadre
67,Durand,Kirk,Larissa,26/08/18,Proin.eget.odio@amet.co.uk,02 54 92 36 29,354-627 Sapien. Street,UnionLibre,Cadre
68,Durand,Ruby,Emerald,10/05/19,ligula@tinciduntaliquamarcu.com,03 16 79 87 94,681-2726 Luctus Av.,UnionLibre,Cadre
69,Durand,Shafira,Kaitlin,20/02/18,nulla.ante@nisinibh.net,08 23 08 76 67,135-5861 Neque Av.,UnionLibre,Cadre
70,Durand,Cameron,Halla,24/07/18,ipsum@posuere.net,04 27 47 63 35,1744 Magnis St.,UnionLibre,Cadre
71,Durand,Aretha,Willa,24/08/19,vehicula.aliquet@Maurisblandit.org,01 85 95 11 67,3160 Eros St.,UnionLibre,Cadre
72,Durand,Claudia,Ashely,18/04/18,tempor.lorem@antebibendum.org,02 87 26 79 09,7005 Libero St.,UnionLibre,Cadre
73,Durand,Dacey,Veronica,31/03/19,adipiscing.elit@nec.com,07 61 32 37 86,Ap #968-889 Mollis. Av.,UnionLibre,Cadre
74,Durand,Branden,Tanisha,25/07/18,nibh.Phasellus.nulla@dictumeueleifend.net,01 80 11 61 39,"Ap #325-3493 Et, Av.",UnionLibre,Cadre
75,Durand,Liberty,Amela,29/09/18,Maecenas.libero@liberoMorbi.edu,06 75 15 49 53,416-1447 Enim Rd.,UnionLibre,Cadre
76,Durand,Lareina,Kiona,04/07/19,felis.purus@eu.co.uk,09 76 87 01 64,560-1819 Dapibus Road,UnionLibre,Cadre
77,Durand,Shellie,Brynn,12/11/19,metus@dignissim.net,08 36 40 76 18,"1654 Lorem, Rd.",UnionLibre,Cadre
78,Durand,Ralph,Carla,26/11/18,risus.quis@risus.net,01 88 70 90 58,4972 Fusce Avenue,UnionLibre,Cadre
79,Durand,Cherokee,Darryl,19/11/19,natoque.penatibus@mollisvitaeposuere.co.uk,05 39 14 79 55,"P.O. Box 823, 2546 Dolor St.",UnionLibre,Cadre
80,Durand,Daniel,Nerea,29/01/19,ullamcorper.eu.euismod@a.net,02 22 56 45 63,4456 In Street,UnionLibre,Cadre
81,Durand,Isaiah,Kelly,04/05/18,augue.porttitor@sedest.org,09 23 32 86 37,"P.O. Box 763, 6198 Purus Ave",UnionLibre,Cadre
82,Durand,Howard,Cheyenne,03/01/19,faucibus@euultrices.edu,09 17 83 16 08,896-2664 A Avenue,UnionLibre,Cadre
83,Durand,Illiana,Giselle,31/08/18,rutrum.eu@tortornibh.org,02 45 81 46 29,6177 Et Rd.,UnionLibre,Cadre
84,Durand,Nyssa,Mercedes,28/01/19,pede.et.risus@sodalesMaurisblandit.com,08 42 91 37 68,"Ap #233-1972 Dui, Av.",UnionLibre,Cadre
85,Durand,Xandra,Claire,10/05/19,eget@magnased.com,04 57 86 38 07,402-6620 Proin St.,UnionLibre,Cadre
86,Durand,Adele,MacKenzie,27/04/18,Vivamus.rhoncus.Donec@Sed.net,09 49 32 65 88,4874 Malesuada Av.,UnionLibre,Cadre
87,Durand,Morgan,Ebony,17/04/18,accumsan.laoreet.ipsum@pharetra.co.uk,05 15 31 05 39,"P.O. Box 353, 2467 Eros Street",UnionLibre,Cadre
88,Durand,Craig,Selma,27/06/19,id@semper.com,03 57 05 91 79,Ap #249-9372 Nibh. St.,UnionLibre,Cadre
89,Durand,Sonia,Dai,14/07/18,id.ante@loremacrisus.edu,04 68 40 74 72,3783 Molestie St.,UnionLibre,Artisan
90,Durand,Portia,Uma,16/11/18,Phasellus@etcommodo.edu,03 62 93 76 73,Ap #220-3847 Auctor Street,UnionLibre,Artisan
91,Durand,Carolyn,Delilah,08/05/19,velit.eu.sem@Inat.org,09 08 92 15 67,223-3688 Egestas. St.,Celibataire,Artisan
92,Durand,Roth,Hedda,14/09/19,nunc.id@famesacturpis.com,03 25 02 69 28,"P.O. Box 363, 7288 Pede, Street",Celibataire,Artisan
93,Durand,Hakeem,Lael,06/01/18,tellus@metusVivamus.net,02 81 46 72 92,9355 Vitae Avenue,Celibataire,Artisan
94,Durand,Luke,Quincy,27/08/19,nulla@lacinia.org,04 16 05 05 26,3361 Vehicula. Rd.,Celibataire,Artisan
95,Durand,Buckminster,Samantha,24/11/18,risus.In.mi@eleifendCrassed.co.uk,06 99 26 22 29,443-9778 Ipsum. Rd.,Celibataire,Artisan
96,Durand,Jamalia,Clio,25/08/19,mi.felis@dictum.edu,04 37 14 92 94,"P.O. Box 603, 3106 Nullam Street",Celibataire,Artisan
97,Durand,Mohammad,Shafira,02/07/18,eu.tellus.Phasellus@etnetus.co.uk,08 66 33 17 70,"P.O. Box 545, 5622 Et St.",Celibataire,Artisan
98,Durand,Christen,Camille,27/11/18,ligula.Aenean.gravida@at.ca,07 27 70 05 51,Ap #234-2652 Lacus. St.,Celibataire,Artisan
99,Durand,Zeus,Isabelle,02/04/18,Proin.vel.nisl@facilisisnon.ca,06 26 30 81 11,Ap #628-4281 Ut Road,Celibataire,Artisan
